<?xml version="1.0" encoding="utf-8"?>
<odoo>
  <data>

    <record id="paperformat_feltrinelli_reports" model="report.paperformat">
        <field name="name">A5 Feltrinelli Reports</field>
        <field name="default" eval="True" />
        <field name="format">A5</field>
        <field name="page_height">0</field>
        <field name="page_width">0</field>
        <field name="orientation">Portrait</field>
        <field name="margin_top">28</field>
        <field name="margin_bottom">4</field>
        <field name="margin_left">5</field>
        <field name="margin_right">5</field>
        <field name="header_line" eval="False" />
        <field name="header_spacing">20</field>
        <field name="dpi">80</field>
    </record> 

      <record id="paperformat_stampa_marsilio" model="report.paperformat">
        <field name="name">A5 Stampa Marsilio</field>
        <field name="default" eval="True" />
        <field name="format">A5</field>
        <field name="page_height">0</field>
        <field name="page_width">0</field>
        <field name="orientation">Landscape</field>
        <field name="margin_top">0</field>
        <field name="margin_bottom">0</field>
        <field name="margin_left">5</field>
        <field name="margin_right">5</field>
        <field name="header_line" eval="False" />
        <field name="header_spacing">0</field>
        <field name="dpi">96</field>
    </record> 

  </data>
</odoo>
