<?xml version="1.0" encoding="utf-8"?>
<odoo>
  <data>
    <record id="paperformat_feltrinelli_reports" model="report.paperformat">
      <field name="name">A5 Feltrinelli Reports</field>
      <field name="format">A5</field>
      <field name="orientation">Portrait</field>
      <field name="margin_top">28</field>
      <field name="margin_bottom">4</field>
      <field name="margin_left">5</field>
      <field name="margin_right">5</field>
      <field name="header_line" eval="False"/>
      <field name="header_spacing">20</field>
      <field name="dpi">80</field>
    </record>
  </data>
</odoo>
