<?xml version="1.0" encoding="utf-8"?>
<odoo>
  <data>
    <record id="action_feltrinelli_report" model="ir.actions.report">
      <field name="name">Stampa Feltrinelli</field>
      <field name="model">sale.order</field>
      <field name="report_type">qweb-pdf</field>
      <field name="report_name">feltrinelli_reports.feltrinelli_report</field>
      <field name="binding_model_id" ref="sale.model_sale_order"/>
      <field name="binding_type">report</field>
      <field name="paperformat_id" ref="feltrinelli_reports.paperformat_feltrinelli_reports"/>
      <field name="print_report_name">'Feltrinelli - ' + (object.name or '')</field>
    </record>
  </data>
</odoo>
